name,email,gender_id,image
mike,mike@stranger.things,1,mike.png
eleven,eleven@stranger.things,2,el.jpg
dustin,dustin@stranger.things,1,dustin.jpg
will,will@stranger.things,1,will.jpg
lucas,lucas@stranger.things,1,lucas.jpg
max,max@stranger.things,2,max.jpg
nancy,nancy@stranger.things,2,nancy.jpeg
jonathan,jonathan@stranger.things,1,jonathan.jpg
steve,steve@stranger.things,1,steve.jpg
robin,robin@stranger.things,2,robin.jpg
erica,erica@stranger.things,2,erica.png